Brand,Year,Model,Engine,Category,Sub-Category,Manufacturer,Part Number,Type,Price
ABARTH,1969,1000,982cc L4,Electrical-Bulb & Socket,Headlamp Socket,WVE/AIRTEX/WELLS,1P1338,N/A,$3.34
ABARTH,1969,1000,982cc L4,Electrical-Connector,Ignition Condenser / Capacitor Connector,WVE/AIRTEX/WELLS,1P1840,N/A,$47.79
ABARTH,1969,1300,1.3L L4,Electrical-Bulb & Socket,Headlamp Socket,WVE/AIRTEX/WELLS,1P1338,N/A,$3.34
ABARTH,1969,SIMCA,1.3L L4,Electrical-Bulb & Socket,Headlamp Socket,WVE/AIRTEX/WELLS,1P1338,N/A,$3.34
ABARTH,1969,SIMCA,2.0L L4,Electrical-Bulb & Socket,Headlamp Socket,WVE/AIRTEX/WELLS,1P1338,N/A,$3.34
ABARTH,1968,1000,982cc L4,Electrical-Bulb & Socket,Headlamp Socket,WVE/AIRTEX/WELLS,1P1338,N/A,$3.34
ABARTH,1968,1300,1.3L L4,Electrical-Bulb & Socket,Headlamp Socket,WVE/AIRTEX/WELLS,1P1338,N/A,$3.34
ABARTH,1968,SIMCA,1.3L L4,Electrical-Bulb & Socket,Headlamp Socket,WVE/AIRTEX/WELLS,1P1338,N/A,$3.34
ABARTH,1968,SIMCA,2.0L L4,Electrical-Bulb & Socket,Headlamp Socket,WVE/AIRTEX/WELLS,1P1338,N/A,$3.34
ABARTH,1967,1000,982cc L4,Electrical-Bulb & Socket,Headlamp Socket,WVE/AIRTEX/WELLS,1P1338,N/A,$3.34
ABARTH,1967,1300,1.3L L4,Electrical-Bulb & Socket,Headlamp Socket,WVE/AIRTEX/WELLS,1P1338,N/A,$3.34
ABARTH,1967,SIMCA,1.3L L4,Electrical-Bulb & Socket,Headlamp Socket,WVE/AIRTEX/WELLS,1P1338,N/A,$3.34
ABARTH,1967,SIMCA,2.0L L4,Electrical-Bulb & Socket,Headlamp Socket,WVE/AIRTEX/WELLS,1P1338,N/A,$3.34
ABARTH,1966,1000,982cc L4,Electrical-Bulb & Socket,Headlamp Socket,WVE/AIRTEX/WELLS,1P1338,N/A,$3.34
ABARTH,1966,1150,1.1L L4,Electrical-Bulb & Socket,Headlamp Socket,WVE/AIRTEX/WELLS,1P1338,N/A,$3.34
ABARTH,1966,1600,1.6L L4,Electrical-Bulb & Socket,Headlamp Socket,WVE/AIRTEX/WELLS,1P1338,N/A,$3.34
ABARTH,1966,850,847cc L4,Electrical,Starter Solenoid,STANDARD MOTOR PRODUCTS,SS258,Intermotor,$25.79
ABARTH,1966,850,847cc L4,Electrical-Bulb & Socket,Headlamp Socket,WVE/AIRTEX/WELLS,1P1338,N/A,$3.34
ABARTH,1966,SIMCA,1.3L L4,Electrical-Bulb & Socket,Headlamp Socket,WVE/AIRTEX/WELLS,1P1338,N/A,$3.34
ABARTH,1966,SIMCA,2.0L L4,Electrical-Bulb & Socket,Headlamp Socket,WVE/AIRTEX/WELLS,1P1338,N/A,$3.34
ABARTH,1965,1000,982cc L4,Electrical-Bulb & Socket,Headlamp Socket,WVE/AIRTEX/WELLS,1P1338,N/A,$3.34
ABARTH,1965,1600,1.6L L4,Electrical-Bulb & Socket,Headlamp Socket,WVE/AIRTEX/WELLS,1P1338,N/A,$3.34
ABARTH,1965,850,847cc L4,Electrical-Bulb & Socket,Headlamp Socket,WVE/AIRTEX/WELLS,1P1338,N/A,$3.34
ABARTH,1965,SIMCA,1.3L L4,Electrical-Bulb & Socket,Headlamp Socket,WVE/AIRTEX/WELLS,1P1338,N/A,$3.34
ABARTH,1965,SIMCA,2.0L L4,Electrical-Bulb & Socket,Headlamp Socket,WVE/AIRTEX/WELLS,1P1338,N/A,$3.34
ABARTH,1964,1000,982cc L4,Electrical-Bulb & Socket,Headlamp Socket,WVE/AIRTEX/WELLS,1P1338,N/A,$3.34
ABARTH,1964,1600,1.6L L4,Electrical-Bulb & Socket,Headlamp Socket,WVE/AIRTEX/WELLS,1P1338,N/A,$3.34
ABARTH,1964,850,847cc L4,Electrical-Bulb & Socket,Headlamp Socket,WVE/AIRTEX/WELLS,1P1338,N/A,$3.34
ABARTH,1964,SIMCA,1.3L L4,Electrical-Bulb & Socket,Headlamp Socket,WVE/AIRTEX/WELLS,1P1338,N/A,$3.34
ABARTH,1964,SIMCA,2.0L L4,Electrical-Bulb & Socket,Headlamp Socket,WVE/AIRTEX/WELLS,1P1338,N/A,$3.34
ABARTH,1963,1000,982cc L4,Electrical-Bulb & Socket,Headlamp Socket,WVE/AIRTEX/WELLS,1P1338,N/A,$3.34
ABARTH,1963,1600,1.6L L4,Electrical-Bulb & Socket,Headlamp Socket,WVE/AIRTEX/WELLS,1P1338,N/A,$3.34
ABARTH,1963,850,847cc L4,Electrical-Bulb & Socket,Headlamp Socket,WVE/AIRTEX/WELLS,1P1338,N/A,$3.34
ABARTH,1963,SIMCA,1.3L L4,Electrical-Bulb & Socket,Headlamp Socket,WVE/AIRTEX/WELLS,1P1338,N/A,$3.34
ABARTH,1963,SIMCA,2.0L L4,Electrical-Bulb & Socket,Headlamp Socket,WVE/AIRTEX/WELLS,1P1338,N/A,$3.34
ABARTH,1962,1000,982cc L4,Electrical-Bulb & Socket,Headlamp Socket,WVE/AIRTEX/WELLS,1P1338,N/A,$3.34
ABARTH,1962,1600,1.6L L4,Electrical-Bulb & Socket,Headlamp Socket,WVE/AIRTEX/WELLS,1P1338,N/A,$3.34
ABARTH,1962,850,847cc L4,Electrical-Bulb & Socket,Headlamp Socket,WVE/AIRTEX/WELLS,1P1338,N/A,$3.34
ABARTH,1962,SIMCA,1.3L L4,Electrical-Bulb & Socket,Headlamp Socket,WVE/AIRTEX/WELLS,1P1338,N/A,$3.34
ABARTH,1962,SIMCA,2.0L L4,Electrical-Bulb & Socket,Headlamp Socket,WVE/AIRTEX/WELLS,1P1338,N/A,$3.34
ABARTH,1961,1600,1.6L L4,Electrical-Bulb & Socket,Headlamp Socket,WVE/AIRTEX/WELLS,1P1338,N/A,$3.34
ABARTH,1961,750,747cc L4,Electrical-Bulb & Socket,Headlamp Socket,WVE/AIRTEX/WELLS,1P1338,N/A,$3.34
ABARTH,1961,850,833cc L4,Electrical-Bulb & Socket,Headlamp Socket,WVE/AIRTEX/WELLS,1P1338,N/A,$3.34
ABARTH,1960,1600,1.6L L4,Electrical-Bulb & Socket,Headlamp Socket,WVE/AIRTEX/WELLS,1P1338,N/A,$3.34
ABARTH,1960,750,747cc L4,Electrical-Bulb & Socket,Headlamp Socket,WVE/AIRTEX/WELLS,1P1338,N/A,$3.34
ABARTH,1960,850,833cc L4,Electrical-Bulb & Socket,Headlamp Socket,WVE/AIRTEX/WELLS,1P1338,N/A,$3.34
ABARTH,1960,1600,1.6L L4,Electrical-Bulb & Socket,Headlamp Socket,WVE/AIRTEX/WELLS,1P1338,N/A,$3.34
ABARTH,1960,750,747cc L4,Electrical-Bulb & Socket,Headlamp Socket,WVE/AIRTEX/WELLS,1P1338,N/A,$3.34
ABARTH,1960,850,833cc L4,Electrical-Bulb & Socket,Headlamp Socket,WVE/AIRTEX/WELLS,1P1338,N/A,$3.34
ABARTH,1959,750,747cc L4,Electrical-Bulb & Socket,Headlamp Socket,WVE/AIRTEX/WELLS,1P1338,N/A,$3.34
ABARTH,1958,750,747cc L4,Electrical-Bulb & Socket,Headlamp Socket,WVE/AIRTEX/WELLS,1P1338,N/A,$3.34
AC,1973,428,7.0L V8,Electrical-Bulb & Socket,Headlamp Socket,WVE/AIRTEX/WELLS,1P1338,N/A,$3.34
AC,1973,428,7.0L V8,Engine,Timing Cover Gasket / Set,FEL-PRO,TCS130751,N/A,$5.61
AC,1973,428,7.0L V8,Engine,Timing Cover Gasket / Set,MAHLE,JV819,N/A,$11.01
AC,1973,428,7.0L V8,Engine,Timing Cover Gasket / Set,FEL-PRO,TCS45167,N/A,$13.60
AC,1973,428,7.0L V8,Engine,Timing Cover Gasket / Set,MAHLE,JV921,N/A,$16.38
AC,1973,428,7.0L V8,Engine,Valve Cover Gasket,FEL-PRO,VS13049C,N/A,$5.00
AC,1973,428,7.0L V8,Engine,Valve Cover Gasket,MAHLE,VS38308,Cork-Rubber,$7.76
AC,1973,428,7.0L V8,Engine,Valve Cover Gasket,FEL-PRO,VS13049R,N/A,$9.00
AC,1973,428,7.0L V8,Engine,Valve Cover Gasket,MAHLE,VS38308R,Molded Rubber,$11.15
AC,1973,428,7.0L V8,Fuel & Air,Air Cleaner Gasket,FEL-PRO,60032,N/A,$1.68
AC,1973,428,7.0L V8,Fuel & Air,Air Cleaner Gasket,MAHLE,G27098,Paper,$1.91
AC,1973,428,7.0L V8,Fuel & Air,Carburetor Mounting Gasket,FEL-PRO,60059,N/A,$0.98
AC,1973,428,7.0L V8,Fuel & Air,Fuel Pump Bowl Gasket,FEL-PRO,773,N/A,$0.93
AC,1973,428,7.0L V8,Fuel & Air,Fuel Pump Gasket,MAHLE,D27094,Paper,$0.34
AC,1973,428,7.0L V8,Fuel & Air,Fuel Pump Gasket,FEL-PRO,6579,N/A,$0.91
AC,1973,428,7.0L V8,Transmission-Manual,Countershaft Bearing,NATIONAL,QAR33724,"Width=0.9""",$8.19
AC,1973,428,7.0L V8,Transmission-Manual,Input Shaft Bearing,NATIONAL,209L,"Bore=1.7717"", Outer Diameter=3.3465"", Width=0.748""",$35.79
AC,1973,428,7.0L V8,Transmission-Manual,Input Shaft Repair Sleeve,NATIONAL,99112,N/A,$17.65
AC,1973,428,7.0L V8,Transmission-Manual,Input Shaft Seal,NATIONAL,3638,N/A,$4.97
AC,1973,428,7.0L V8,Transmission-Manual,Main / Output Shaft Bearing,NATIONAL,307L,"Bore=1.378"", Outer Diameter=3.1496"", Width=0.8268""",$27.79
AC,1973,428,7.0L V8,Transmission-Manual,Main / Output Shaft Seal,NATIONAL,473234,N/A,$4.50
AC,1973,428,7.0L V8,Transmission-Manual,Reverse Idler Bearing,NATIONAL,C407Q,"Width=0.75""",$5.38
AC,1973,428,7.0L V8,Transmission-Manual,Shift Shaft Seal,NATIONAL,313156,N/A,$4.87
AC,1972,428,7.0L V8,Electrical-Bulb & Socket,Headlamp Socket,WVE/AIRTEX/WELLS,1P1338,N/A,$3.34
AC,1972,428,7.0L V8,Engine,Timing Cover Gasket / Set,FEL-PRO,TCS130751,N/A,$5.61
AC,1972,428,7.0L V8,Engine,Timing Cover Gasket / Set,MAHLE,JV819,N/A,$11.01
AC,1972,428,7.0L V8,Engine,Timing Cover Gasket / Set,FEL-PRO,TCS45167,N/A,$13.60
AC,1972,428,7.0L V8,Engine,Timing Cover Gasket / Set,MAHLE,JV921,N/A,$16.38
AC,1972,428,7.0L V8,Engine,Valve Cover Gasket,FEL-PRO,VS13049C,N/A,$5.00
AC,1972,428,7.0L V8,Engine,Valve Cover Gasket,MAHLE,VS38308,Cork-Rubber,$7.76
AC,1972,428,7.0L V8,Engine,Valve Cover Gasket,FEL-PRO,VS13049R,N/A,$9.00
AC,1972,428,7.0L V8,Engine,Valve Cover Gasket,MAHLE,VS38308R,Molded Rubber,$11.15
AC,1972,428,7.0L V8,Fuel & Air,Air Cleaner Gasket,FEL-PRO,60032,N/A,$1.68
AC,1972,428,7.0L V8,Fuel & Air,Air Cleaner Gasket,MAHLE,G27098,Paper,$1.91
AC,1972,428,7.0L V8,Fuel & Air,Carburetor Mounting Gasket,FEL-PRO,60059,N/A,$0.98
AC,1972,428,7.0L V8,Fuel & Air,Fuel Pump Bowl Gasket,FEL-PRO,773,N/A,$0.93
AC,1972,428,7.0L V8,Fuel & Air,Fuel Pump Gasket,MAHLE,D27094,Paper,$0.34
AC,1972,428,7.0L V8,Fuel & Air,Fuel Pump Gasket,FEL-PRO,6579,N/A,$0.91
AC,1972,428,7.0L V8,Transmission-Manual,Countershaft Bearing,NATIONAL,QAR33724,"Width=0.9""",$8.19
AC,1972,428,7.0L V8,Transmission-Manual,Input Shaft Bearing,NATIONAL,209L,"Bore=1.7717"", Outer Diameter=3.3465"", Width=0.748""",$35.79
AC,1972,428,7.0L V8,Transmission-Manual,Input Shaft Repair Sleeve,NATIONAL,99112,N/A,$17.65
AC,1972,428,7.0L V8,Transmission-Manual,Input Shaft Seal,NATIONAL,3638,N/A,$4.97
AC,1972,428,7.0L V8,Transmission-Manual,Main / Output Shaft Bearing,NATIONAL,307L,"Bore=1.378"", Outer Diameter=3.1496"", Width=0.8268""",$27.79
AC,1972,428,7.0L V8,Transmission-Manual,Main / Output Shaft Seal,NATIONAL,473234,N/A,$4.50
AC,1972,428,7.0L V8,Transmission-Manual,Reverse Idler Bearing,NATIONAL,C407Q,"Width=0.75""",$5.38
AC,1972,428,7.0L V8,Transmission-Manual,Shift Shaft Seal,NATIONAL,313156,N/A,$4.87
AC,1971,428,7.0L V8,Electrical-Bulb & Socket,Headlamp Socket,WVE/AIRTEX/WELLS,1P1338,N/A,$3.34
AC,1971,428,7.0L V8,Engine,Timing Cover Gasket / Set,FEL-PRO,TCS130751,N/A,$5.61
AC,1971,428,7.0L V8,Engine,Timing Cover Gasket / Set,MAHLE,JV819,N/A,$11.01
AC,1971,428,7.0L V8,Engine,Timing Cover Gasket / Set,FEL-PRO,TCS45167,N/A,$13.60
AC,1971,428,7.0L V8,Engine,Timing Cover Gasket / Set,MAHLE,JV921,N/A,$16.38
AC,1971,428,7.0L V8,Engine,Valve Cover Gasket,FEL-PRO,VS13049C,N/A,$5.00
AC,1971,428,7.0L V8,Engine,Valve Cover Gasket,MAHLE,VS38308,Cork-Rubber,$7.76
AC,1971,428,7.0L V8,Engine,Valve Cover Gasket,FEL-PRO,VS13049R,N/A,$9.00
AC,1971,428,7.0L V8,Engine,Valve Cover Gasket,MAHLE,VS38308R,Molded Rubber,$11.15
AC,1971,428,7.0L V8,Fuel & Air,Air Cleaner Gasket,FEL-PRO,60032,N/A,$1.68
AC,1971,428,7.0L V8,Fuel & Air,Air Cleaner Gasket,MAHLE,G27098,Paper,$1.91
AC,1971,428,7.0L V8,Fuel & Air,Carburetor Mounting Gasket,FEL-PRO,60059,N/A,$0.98
AC,1971,428,7.0L V8,Fuel & Air,Fuel Pump Bowl Gasket,FEL-PRO,773,N/A,$0.93
AC,1971,428,7.0L V8,Fuel & Air,Fuel Pump Gasket,MAHLE,D27094,Paper,$0.34
AC,1971,428,7.0L V8,Fuel & Air,Fuel Pump Gasket,FEL-PRO,6579,N/A,$0.91
AC,1971,428,7.0L V8,Transmission-Manual,Countershaft Bearing,NATIONAL,QAR33724,"Width=0.9""",$8.19
AC,1971,428,7.0L V8,Transmission-Manual,Input Shaft Bearing,NATIONAL,209L,"Bore=1.7717"", Outer Diameter=3.3465"", Width=0.748""",$35.79
AC,1971,428,7.0L V8,Transmission-Manual,Input Shaft Repair Sleeve,NATIONAL,99112,N/A,$17.65
AC,1971,428,7.0L V8,Transmission-Manual,Input Shaft Seal,NATIONAL,3638,N/A,$4.97
AC,1971,428,7.0L V8,Transmission-Manual,Main / Output Shaft Bearing,NATIONAL,307L,"Bore=1.378"", Outer Diameter=3.1496"", Width=0.8268""",$27.79
AC,1971,428,7.0L V8,Transmission-Manual,Main / Output Shaft Seal,NATIONAL,473234,N/A,$4.50
AC,1971,428,7.0L V8,Transmission-Manual,Reverse Idler Bearing,NATIONAL,C407Q,"Width=0.75""",$5.38
AC,1971,428,7.0L V8,Transmission-Manual,Shift Shaft Seal,NATIONAL,313156,N/A,$4.87
AC,1970,428,7.0L V8,Electrical-Bulb & Socket,Headlamp Socket,WVE/AIRTEX/WELLS,1P1338,N/A,$3.34
AC,1970,428,7.0L V8,Engine,Oil Pan Gasket,FEL-PRO,OS11701D,N/A,$8.24
AC,1970,428,7.0L V8,Engine,Oil Pan Gasket,FEL-PRO,OS11701C,N/A,$8.34
AC,1970,428,7.0L V8,Engine,Oil Pan Gasket,MAHLE,OS30764,Cork-Rubber,$9.13
AC,1970,428,7.0L V8,Engine,Timing Cover Gasket / Set,FEL-PRO,TCS130751,N/A,$5.61
AC,1970,428,7.0L V8,Engine,Timing Cover Gasket / Set,MAHLE,JV819,N/A,$11.01
AC,1970,428,7.0L V8,Engine,Timing Cover Gasket / Set,FEL-PRO,TCS45167,N/A,$13.60
AC,1970,428,7.0L V8,Engine,Timing Cover Gasket / Set,MAHLE,JV921,N/A,$16.38
AC,1970,428,7.0L V8,Engine,Valve Cover Gasket,FEL-PRO,VS13049C,N/A,$5.00
AC,1970,428,7.0L V8,Engine,Valve Cover Gasket,MAHLE,VS38308,Cork-Rubber,$7.76
AC,1970,428,7.0L V8,Engine,Valve Cover Gasket,FEL-PRO,VS13049R,N/A,$9.00
AC,1970,428,7.0L V8,Engine,Valve Cover Gasket,MAHLE,VS38308R,Molded Rubber,$11.15
AC,1970,428,7.0L V8,Fuel & Air,Air Cleaner Gasket,FEL-PRO,60032,N/A,$1.68
AC,1970,428,7.0L V8,Fuel & Air,Air Cleaner Gasket,MAHLE,G27098,Paper,$1.91
AC,1970,428,7.0L V8,Fuel & Air,Carburetor Mounting Gasket,FEL-PRO,60059,N/A,$0.98
AC,1970,428,7.0L V8,Fuel & Air,Fuel Pump Bowl Gasket,FEL-PRO,773,N/A,$0.93
AC,1970,428,7.0L V8,Fuel & Air,Fuel Pump Gasket,MAHLE,D27094,Paper,$0.34
AC,1970,428,7.0L V8,Fuel & Air,Fuel Pump Gasket,FEL-PRO,6579,N/A,$0.91
AC,1970,428,7.0L V8,Transmission-Manual,Countershaft Bearing,NATIONAL,QAR33724,"Width=0.9""",$8.19
AC,1970,428,7.0L V8,Transmission-Manual,Input Shaft Bearing,NATIONAL,209L,"Bore=1.7717"", Outer Diameter=3.3465"", Width=0.748""",$35.79
AC,1970,428,7.0L V8,Transmission-Manual,Input Shaft Repair Sleeve,NATIONAL,99112,N/A,$17.65
AC,1970,428,7.0L V8,Transmission-Manual,Input Shaft Seal,NATIONAL,3638,N/A,$4.97
AC,1970,428,7.0L V8,Transmission-Manual,Main / Output Shaft Bearing,NATIONAL,307L,"Bore=1.378"", Outer Diameter=3.1496"", Width=0.8268""",$27.79
AC,1970,428,7.0L V8,Transmission-Manual,Main / Output Shaft Seal,NATIONAL,473234,N/A,$4.50
AC,1970,428,7.0L V8,Transmission-Manual,Reverse Idler Bearing,NATIONAL,C407Q,"Width=0.75""",$5.38
AC,1970,428,7.0L V8,Transmission-Manual,Shift Shaft Seal,NATIONAL,313156,N/A,$4.87
AC,1969,428,7.0L V8,Electrical-Bulb & Socket,Headlamp Socket,WVE/AIRTEX/WELLS,1P1338,N/A,$3.34
AC,1969,428,7.0L V8,Engine,Oil Pan Gasket,FEL-PRO,OS11701D,N/A,$8.24
AC,1969,428,7.0L V8,Engine,Oil Pan Gasket,FEL-PRO,OS11701C,N/A,$8.34
AC,1969,428,7.0L V8,Engine,Oil Pan Gasket,MAHLE,OS30764,Cork-Rubber,$9.13
AC,1969,428,7.0L V8,Engine,Timing Cover Gasket / Set,FEL-PRO,TCS130751,N/A,$5.61
AC,1969,428,7.0L V8,Engine,Timing Cover Gasket / Set,MAHLE,JV819,N/A,$11.01
AC,1969,428,7.0L V8,Engine,Timing Cover Gasket / Set,FEL-PRO,TCS45167,N/A,$13.60
AC,1969,428,7.0L V8,Engine,Timing Cover Gasket / Set,MAHLE,JV921,N/A,$16.38
AC,1969,428,7.0L V8,Engine,Valve Cover Gasket,FEL-PRO,VS13049C,N/A,$5.00
AC,1969,428,7.0L V8,Engine,Valve Cover Gasket,MAHLE,VS38308,Cork-Rubber,$7.76
AC,1969,428,7.0L V8,Engine,Valve Cover Gasket,FEL-PRO,VS13049R,N/A,$9.00
AC,1969,428,7.0L V8,Engine,Valve Cover Gasket,MAHLE,VS38308R,Molded Rubber,$11.15
AC,1969,428,7.0L V8,Fuel & Air,Air Cleaner Gasket,FEL-PRO,60032,N/A,$1.68
AC,1969,428,7.0L V8,Fuel & Air,Air Cleaner Gasket,MAHLE,G27098,Paper,$1.91
AC,1969,428,7.0L V8,Fuel & Air,Carburetor Mounting Gasket,FEL-PRO,60059,N/A,$0.98
AC,1969,428,7.0L V8,Fuel & Air,Fuel Pump Bowl Gasket,FEL-PRO,773,N/A,$0.93
AC,1969,428,7.0L V8,Fuel & Air,Fuel Pump Gasket,MAHLE,D27094,Paper,$0.34
AC,1969,428,7.0L V8,Fuel & Air,Fuel Pump Gasket,FEL-PRO,6579,N/A,$0.91
AC,1969,428,7.0L V8,Transmission-Manual,Countershaft Bearing,NATIONAL,QAR33724,"Width=0.9""",$8.19
AC,1969,428,7.0L V8,Transmission-Manual,Input Shaft Bearing,NATIONAL,209L,"Bore=1.7717"", Outer Diameter=3.3465"", Width=0.748""",$35.79
AC,1969,428,7.0L V8,Transmission-Manual,Input Shaft Repair Sleeve,NATIONAL,99112,N/A,$17.65
AC,1969,428,7.0L V8,Transmission-Manual,Input Shaft Seal,NATIONAL,3638,N/A,$4.97
AC,1969,428,7.0L V8,Transmission-Manual,Main / Output Shaft Bearing,NATIONAL,307L,"Bore=1.378"", Outer Diameter=3.1496"", Width=0.8268""",$27.79
AC,1969,428,7.0L V8,Transmission-Manual,Main / Output Shaft Seal,NATIONAL,473234,N/A,$4.50
AC,1969,428,7.0L V8,Transmission-Manual,Reverse Idler Bearing,NATIONAL,C407Q,"Width=0.75""",$5.38
AC,1969,428,7.0L V8,Transmission-Manual,Shift Shaft Seal,NATIONAL,313156,N/A,$4.87
AC,1968,428,7.0L V8,Electrical-Bulb & Socket,Headlamp Socket,WVE/AIRTEX/WELLS,1P1338,N/A,$3.34
AC,1968,428,7.0L V8,Engine,Oil Pan Gasket,FEL-PRO,OS11701D,N/A,$8.24
AC,1968,428,7.0L V8,Engine,Oil Pan Gasket,FEL-PRO,OS11701C,N/A,$8.34
AC,1968,428,7.0L V8,Engine,Oil Pan Gasket,MAHLE,OS30764,Cork-Rubber,$9.13
AC,1968,428,7.0L V8,Engine,Timing Cover Gasket / Set,FEL-PRO,TCS130751,N/A,$5.61
AC,1968,428,7.0L V8,Engine,Timing Cover Gasket / Set,MAHLE,JV819,N/A,$11.01
AC,1968,428,7.0L V8,Engine,Timing Cover Gasket / Set,FEL-PRO,TCS45167,N/A,$13.60
AC,1968,428,7.0L V8,Engine,Timing Cover Gasket / Set,MAHLE,JV921,N/A,$16.38
AC,1968,428,7.0L V8,Engine,Valve Cover Gasket,FEL-PRO,VS13049C,N/A,$5.00
AC,1968,428,7.0L V8,Engine,Valve Cover Gasket,MAHLE,VS38308,Cork-Rubber,$7.76
AC,1968,428,7.0L V8,Engine,Valve Cover Gasket,FEL-PRO,VS13049R,N/A,$9.00
AC,1968,428,7.0L V8,Engine,Valve Cover Gasket,MAHLE,VS38308R,Molded Rubber,$11.15
AC,1968,428,7.0L V8,Fuel & Air,Air Cleaner Gasket,FEL-PRO,60032,N/A,$1.68
AC,1968,428,7.0L V8,Fuel & Air,Air Cleaner Gasket,MAHLE,G27098,Paper,$1.91
AC,1968,428,7.0L V8,Fuel & Air,Carburetor Mounting Gasket,FEL-PRO,60059,N/A,$0.98
AC,1968,428,7.0L V8,Fuel & Air,Carburetor Mounting Gasket,MAHLE,G27104,Composite,$1.08
AC,1968,428,7.0L V8,Fuel & Air,Carburetor Mounting Gasket,FEL-PRO,600681,N/A,$1.99
AC,1968,428,7.0L V8,Fuel & Air,Fuel Pump Bowl Gasket,FEL-PRO,773,N/A,$0.93
AC,1968,428,7.0L V8,Fuel & Air,Fuel Pump Gasket,MAHLE,D27094,Paper,$0.34
AC,1968,428,7.0L V8,Fuel & Air,Fuel Pump Gasket,FEL-PRO,6579,N/A,$0.91
AC,1968,428,7.0L V8,Transmission-Manual,Bearing & Seal Overhaul Kit,USA STANDARD GEAR,ZMBK135,N/A,$87.79
AC,1968,428,7.0L V8,Transmission-Manual,Bearing & Seal Overhaul Kit,USA STANDARD GEAR,ZMBK135HD,N/A,$101.79
AC,1968,428,7.0L V8,Transmission-Manual,Bearing & Seal Overhaul Kit,USA STANDARD GEAR,ZMBK135WS,Includes Synchronizer Rings,$112.79
AC,1968,428,7.0L V8,Transmission-Manual,Bearing & Seal Overhaul Kit,USA STANDARD GEAR,ZMBK135HDWS,Includes Synchronizer Rings,$132.79
AC,1968,428,7.0L V8,Transmission-Manual,Countershaft Bearing,NATIONAL,QAR33724,"Width=0.9""",$8.19
AC,1968,428,7.0L V8,Transmission-Manual,Input Shaft Bearing,NATIONAL,209L,"Bore=1.7717"", Outer Diameter=3.3465"", Width=0.748""",$35.79
AC,1968,428,7.0L V8,Transmission-Manual,Input Shaft Repair Sleeve,NATIONAL,99112,N/A,$17.65
AC,1968,428,7.0L V8,Transmission-Manual,Input Shaft Seal,NATIONAL,3638,N/A,$4.97
AC,1968,428,7.0L V8,Transmission-Manual,Main / Output Shaft Bearing,NATIONAL,307L,"Bore=1.378"", Outer Diameter=3.1496"", Width=0.8268""",$27.79
AC,1968,428,7.0L V8,Transmission-Manual,Main / Output Shaft Seal,NATIONAL,473234,N/A,$4.50
AC,1968,428,7.0L V8,Transmission-Manual,Reverse Idler Bearing,NATIONAL,C407Q,"Width=0.75""",$5.38
AC,1968,428,7.0L V8,Transmission-Manual,Shift Shaft Seal,NATIONAL,313156,N/A,$4.87
AC,1967,428,7.0L V8,Electrical-Bulb & Socket,Headlamp Socket,WVE/AIRTEX/WELLS,1P1338,N/A,$3.34
AC,1967,428,7.0L V8,Engine,Oil Pan Gasket,FEL-PRO,OS11701D,N/A,$8.24
AC,1967,428,7.0L V8,Engine,Oil Pan Gasket,FEL-PRO,OS11701C,N/A,$8.34
AC,1967,428,7.0L V8,Engine,Oil Pan Gasket,MAHLE,OS30764,Cork-Rubber,$9.13
AC,1967,428,7.0L V8,Engine,Timing Cover Gasket / Set,FEL-PRO,TCS130751,N/A,$5.61
AC,1967,428,7.0L V8,Engine,Timing Cover Gasket / Set,MAHLE,JV819,N/A,$11.01
AC,1967,428,7.0L V8,Engine,Timing Cover Gasket / Set,FEL-PRO,TCS45167,N/A,$13.60
AC,1967,428,7.0L V8,Engine,Timing Cover Gasket / Set,MAHLE,JV921,N/A,$16.38
AC,1967,428,7.0L V8,Engine,Valve Cover Gasket,FEL-PRO,VS13049C,N/A,$5.00
AC,1967,428,7.0L V8,Engine,Valve Cover Gasket,MAHLE,VS38308,Cork-Rubber,$7.76
AC,1967,428,7.0L V8,Engine,Valve Cover Gasket,FEL-PRO,VS13049R,N/A,$9.00
AC,1967,428,7.0L V8,Engine,Valve Cover Gasket,MAHLE,VS38308R,Molded Rubber,$11.15
AC,1967,428,7.0L V8,Transmission-Manual,Bearing & Seal Overhaul Kit,USA STANDARD GEAR,ZMBK135,N/A,$87.79
AC,1967,428,7.0L V8,Transmission-Manual,Bearing & Seal Overhaul Kit,USA STANDARD GEAR,ZMBK135HD,N/A,$101.79
AC,1967,428,7.0L V8,Transmission-Manual,Bearing & Seal Overhaul Kit,USA STANDARD GEAR,ZMBK135WS,Includes Synchronizer Rings,$112.79
AC,1967,428,7.0L V8,Transmission-Manual,Bearing & Seal Overhaul Kit,USA STANDARD GEAR,ZMBK135HDWS,Includes Synchronizer Rings,$132.79
AC,1967,428,7.0L V8,Transmission-Manual,Countershaft Bearing,NATIONAL,QAR33724,"Width=0.9""",$8.19
AC,1967,428,7.0L V8,Transmission-Manual,Input Shaft Bearing,NATIONAL,209L,"Bore=1.7717"", Outer Diameter=3.3465"", Width=0.748""",$35.79
AC,1967,428,7.0L V8,Transmission-Manual,Input Shaft Repair Sleeve,NATIONAL,99112,N/A,$17.65
AC,1967,428,7.0L V8,Transmission-Manual,Input Shaft Seal,NATIONAL,3638,N/A,$4.97
AC,1967,428,7.0L V8,Transmission-Manual,Main / Output Shaft Bearing,NATIONAL,307L,"Bore=1.378"", Outer Diameter=3.1496"", Width=0.8268""",$27.79
AC,1967,428,7.0L V8,Transmission-Manual,Main / Output Shaft Seal,NATIONAL,473234,N/A,$4.50
AC,1967,428,7.0L V8,Transmission-Manual,Reverse Idler Bearing,NATIONAL,C407Q,"Width=0.75""",$5.38
AC,1967,428,7.0L V8,Transmission-Manual,Shift Shaft Seal,NATIONAL,313156,N/A,$4.87
AC,1963,ACE,2.0L L6,Electrical-Bulb & Socket,Headlamp Socket,WVE/AIRTEX/WELLS,1P1338,N/A,$3.34
AC,1963,ACE,2.6L L6,Electrical-Bulb & Socket,Headlamp Socket,WVE/AIRTEX/WELLS,1P1338,N/A,$3.34
AC,1963,ACECA,2.0L L6,Electrical-Bulb & Socket,Headlamp Socket,WVE/AIRTEX/WELLS,1P1338,N/A,$3.34
AC,1963,ACECA,2.6L L6,Electrical-Bulb & Socket,Headlamp Socket,WVE/AIRTEX/WELLS,1P1338,N/A,$3.34
AC,1963,GREYHOUND,2.0L L6,Electrical-Bulb & Socket,Headlamp Socket,WVE/AIRTEX/WELLS,1P1338,N/A,$3.34
AC,1962,ACE,2.0L L6,Electrical-Bulb & Socket,Headlamp Socket,WVE/AIRTEX/WELLS,1P1338,N/A,$3.34
AC,1962,ACE,2.6L L6,Electrical-Bulb & Socket,Headlamp Socket,WVE/AIRTEX/WELLS,1P1338,N/A,$3.34
AC,1962,ACECA,2.0L L6,Electrical-Bulb & Socket,Headlamp Socket,WVE/AIRTEX/WELLS,1P1338,N/A,$3.34
AC,1962,ACECA,2.6L L6,Electrical-Bulb & Socket,Headlamp Socket,WVE/AIRTEX/WELLS,1P1338,N/A,$3.34
AC,1962,GREYHOUND,2.0L L6,Electrical-Bulb & Socket,Headlamp Socket,WVE/AIRTEX/WELLS,1P1338,N/A,$3.34
AC,1961,ACE,2.0L L6,Electrical,Battery,DEKA,9A34,BCI Group 34; CCA 775,$151.99
AC,1961,ACE,2.0L L6,Electrical-Bulb & Socket,Headlamp Socket,WVE/AIRTEX/WELLS,1P1338,N/A,$3.34
AC,1961,ACECA,2.0L L6,Electrical,Battery,DEKA,9A34,BCI Group 34; CCA 775,$151.99
AC,1961,ACECA,2.0L L6,Electrical-Bulb & Socket,Headlamp Socket,WVE/AIRTEX/WELLS,1P1338,N/A,$3.34
AC,1961,GREYHOUND,2.0L L6,Electrical-Bulb & Socket,Headlamp Socket,WVE/AIRTEX/WELLS,1P1338,N/A,$3.34
AC,1960,ACE,2.0L L6,Electrical,Battery,DEKA,9A34,BCI Group 34; CCA 775,$151.99
AC,1960,ACE,2.0L L6,Electrical-Bulb & Socket,Headlamp Socket,WVE/AIRTEX/WELLS,1P1338,N/A,$3.34
AC,1960,ACECA,2.0L L6,Electrical,Battery,DEKA,9A34,BCI Group 34; CCA 775,$151.99
AC,1960,ACECA,2.0L L6,Electrical-Bulb & Socket,Headlamp Socket,WVE/AIRTEX/WELLS,1P1338,N/A,$3.34
AC,1960,GREYHOUND,2.0L L6,Electrical-Bulb & Socket,Headlamp Socket,WVE/AIRTEX/WELLS,1P1338,N/A,$3.34
AC,1959,ACE,2.0L L6,Electrical,Battery,DEKA,9A34,BCI Group 34; CCA 775,$151.99
AC,1959,ACE,2.0L L6,Electrical-Bulb & Socket,Headlamp Socket,WVE/AIRTEX/WELLS,1P1338,N/A,$3.34
AC,1959,ACECA,2.0L L6,Electrical,Battery,DEKA,9A34,BCI Group 34; CCA 775,$151.99
AC,1959,ACECA,2.0L L6,Electrical-Bulb & Socket,Headlamp Socket,WVE/AIRTEX/WELLS,1P1338,N/A,$3.34
AC,1959,GREYHOUND,2.0L L6,Electrical-Bulb & Socket,Headlamp Socket,WVE/AIRTEX/WELLS,1P1338,N/A,$3.34
AC,1958,ACE,2.0L L6,Electrical,Battery,DEKA,9A34,BCI Group 34; CCA 775,$151.99
AC,1958,ACE,2.0L L6,Electrical-Bulb & Socket,Headlamp Socket,WVE/AIRTEX/WELLS,1P1338,N/A,$3.34
AC,1958,ACECA,2.0L L6,Electrical,Battery,DEKA,9A34,BCI Group 34; CCA 775,$151.99
AC,1958,ACECA,2.0L L6,Electrical-Bulb & Socket,Headlamp Socket,WVE/AIRTEX/WELLS,1P1338,N/A,$3.34
AC,1958,TWO-LITRE,2.0L L6,Electrical-Bulb & Socket,Headlamp Socket,WVE/AIRTEX/WELLS,1P1338,N/A,$3.34
AC,1957,ACE,2.0L L6,Electrical,Battery,DEKA,9A34,BCI Group 34; CCA 775,$151.99
AC,1957,ACECA,2.0L L6,Electrical,Battery,DEKA,9A34,BCI Group 34; CCA 775,$151.99
AC,1956,ACE,2.0L L6,Electrical,Battery,DEKA,9A34,BCI Group 34; CCA 775,$151.99
AC,1956,ACECA,2.0L L6,Electrical,Battery,DEKA,9A34,BCI Group 34; CCA 775,$151.99
ALFA ROMEO,2019,4C,1.7L L4 Turbocharged,Body,Door Check Strap,DORMAN,9245401,N/A,$15.32
ALFA ROMEO,2019,4C,1.7L L4 Turbocharged,Body,Hood Restraint Cable,DORMAN,9245402,N/A,$9.74
ALFA ROMEO,2019,4C,1.7L L4 Turbocharged,Body,Hood Spring,DORMAN,9385406,Blue,$19.78
ALFA ROMEO,2019,4C,1.7L L4 Turbocharged,Body,Hood Spring,DORMAN,9385407,Black,$20.99
ALFA ROMEO,2019,4C,1.7L L4 Turbocharged,Brake & Wheel Hub,Rotor,POWER STOP,EBR1494EVC,Evolution Geomet® Coated Rotor,Out of Stock
ALFA ROMEO,2019,4C,1.7L L4 Turbocharged,Brake & Wheel Hub,Rotor,POWER STOP,EBR1495EVC,Evolution Geomet® Coated Rotor,Out of Stock
ALFA ROMEO,2019,4C,1.7L L4 Turbocharged,Cooling System,Coolant Recovery Tank Cap,DORMAN,9025404,N/A,$4.40
ALFA ROMEO,2019,4C,1.7L L4 Turbocharged,Interior,Dash Board Air Vent,DORMAN,2165408,N/A,$12.35
ALFA ROMEO,2019,4C,1.7L L4 Turbocharged,Interior,Dash Board Air Vent,DORMAN,2165407,N/A,$14.92
ALFA ROMEO,2019,GIULIA,2.0L L4 Turbocharged,Body,Door Check Strap,DORMAN,9245401,N/A,$15.32
ALFA ROMEO,2019,GIULIA,2.0L L4 Turbocharged,Body,Hood Restraint Cable,DORMAN,9245402,N/A,$9.74
ALFA ROMEO,2019,GIULIA,2.0L L4 Turbocharged,Body,Hood Spring,DORMAN,9385406,Blue,$19.78
ALFA ROMEO,2019,GIULIA,2.0L L4 Turbocharged,Body,Hood Spring,DORMAN,9385407,Black,$20.99
ALFA ROMEO,2019,GIULIA,2.0L L4 Turbocharged,Cooling System,Coolant Recovery Tank Cap,DORMAN,9025404,N/A,$4.40
ALFA ROMEO,2019,GIULIA,2.0L L4 Turbocharged,Interior,Dash Board Air Vent,DORMAN,2165408,N/A,$12.35
ALFA ROMEO,2019,GIULIA,2.0L L4 Turbocharged,Interior,Dash Board Air Vent,DORMAN,2165407,N/A,$14.92
ALFA ROMEO,2019,GIULIA,2.9L V6 Turbocharged,Body,Door Check Strap,DORMAN,9245401,N/A,$15.32
ALFA ROMEO,2019,GIULIA,2.9L V6 Turbocharged,Body,Hood Restraint Cable,DORMAN,9245402,N/A,$9.74
ALFA ROMEO,2019,GIULIA,2.9L V6 Turbocharged,Body,Hood Spring,DORMAN,9385406,Blue,$19.78
ALFA ROMEO,2019,GIULIA,2.9L V6 Turbocharged,Body,Hood Spring,DORMAN,9385407,Black,$20.99
ALFA ROMEO,2019,GIULIA,2.9L V6 Turbocharged,Cooling System,Coolant Recovery Tank Cap,DORMAN,9025404,N/A,$4.40
ALFA ROMEO,2019,GIULIA,2.9L V6 Turbocharged,Interior,Dash Board Air Vent,DORMAN,2165408,N/A,$12.35
ALFA ROMEO,2019,GIULIA,2.9L V6 Turbocharged,Interior,Dash Board Air Vent,DORMAN,2165407,N/A,$14.92
ALFA ROMEO,2019,STELVIO,2.0L L4 Turbocharged,Wheel,Tire Pressure Monitoring System (TPMS) Service Kit,SCHRADER,20018,TPMS Service Pack / EZ-sensor Rubber Valve Service Pack,$1.23
ALFA ROMEO,2019,STELVIO,2.0L L4 Turbocharged,Wheel,Tire Pressure Monitoring System (TPMS) Service Kit,SCHRADER,20050V,Includes Transmitter Only,Out of Stock
ALFA ROMEO,2019,STELVIO,2.0L L4 Turbocharged,Wheel,Tire Pressure Monitoring System (TPMS) Service Kit,SCHRADER,20050,N/A,Out of Stock
ALFA ROMEO,2019,STELVIO,2.9L V6 Turbocharged,Wheel,Tire Pressure Monitoring System (TPMS) Service Kit,SCHRADER,20018,TPMS Service Pack / EZ-sensor Rubber Valve Service Pack,$1.23
ALFA ROMEO,2019,STELVIO,2.9L V6 Turbocharged,Wheel,Tire Pressure Monitoring System (TPMS) Service Kit,SCHRADER,20050V,Includes Transmitter Only,Out of Stock
ALFA ROMEO,2019,STELVIO,2.9L V6 Turbocharged,Wheel,Tire Pressure Monitoring System (TPMS) Service Kit,SCHRADER,20050,N/A,Out of Stock
ALFA ROMEO,2018,4C,1.7L L4 Turbocharged,Accessories,Tow Hook,MOPAR,68119524AA,SPECIAL,$12.49
ALFA ROMEO,2018,4C,1.7L L4 Turbocharged,Body,Headlamp Assembly,MOPAR,68239960AA,SPECIAL,Out of Stock
ALFA ROMEO,2018,4C,1.7L L4 Turbocharged,Body,Headlamp Assembly,MOPAR,68266079AA,SPECIAL,Out of Stock
ALFA ROMEO,2018,4C,1.7L L4 Turbocharged,Body,Headlamp Assembly,MOPAR,68266078AA,SPECIAL,Out of Stock
ALFA ROMEO,2018,4C,1.7L L4 Turbocharged,Body,Headlamp Assembly,MOPAR,68266081AA,SPECIAL,Out of Stock
ALFA ROMEO,2018,4C,1.7L L4 Turbocharged,Body,Headlamp Assembly,MOPAR,68266080AA,SPECIAL,Out of Stock
ALFA ROMEO,2018,4C,1.7L L4 Turbocharged,Body,Inner Fender Splash Shield,MOPAR,68333152AA,Front; SPECIAL,Out of Stock
ALFA ROMEO,2018,4C,1.7L L4 Turbocharged,Body,Inner Fender Splash Shield,MOPAR,68333154AA,Front; SPECIAL,Out of Stock
ALFA ROMEO,2018,4C,1.7L L4 Turbocharged,Body,Inner Fender Splash Shield,MOPAR,68333156AA,Front; SPORT,Out of Stock
ALFA ROMEO,2018,4C,1.7L L4 Turbocharged,Body,Inner Fender Splash Shield,MOPAR,68333155AA,Front; SPORT,Out of Stock
ALFA ROMEO,2018,4C,1.7L L4 Turbocharged,Body,Lift Support,MOPAR,68284419AA,SPECIAL,Out of Stock
ALFA ROMEO,2018,4C,1.7L L4 Turbocharged,Body,Outside Door Handle,MOPAR,68318538AA,SPECIAL,Out of Stock
ALFA ROMEO,2018,4C,1.7L L4 Turbocharged,Body,Outside Door Handle,MOPAR,68319039AA,SPECIAL,Out of Stock
ALFA ROMEO,2018,4C,1.7L L4 Turbocharged,Body,Outside Mirror & Glass Assembly,MOPAR,5XK26,SPECIAL,Out of Stock
ALFA ROMEO,2018,4C,1.7L L4 Turbocharged,Body,Outside Mirror & Glass Assembly,MOPAR,5XK32,SPECIAL,Out of Stock
ALFA ROMEO,2018,4C,1.7L L4 Turbocharged,Body,Outside Mirror Glass,MOPAR,68095280AA,SPECIAL,$56.89
ALFA ROMEO,2018,4C,1.7L L4 Turbocharged,Body,Outside Mirror Glass,MOPAR,68098363AA,SPECIAL,$56.89
ALFA ROMEO,2018,4C,1.7L L4 Turbocharged,Brake & Wheel Hub,Hydraulic Hose,CENTRIC,15002111,N/A,$9.55
ALFA ROMEO,2018,4C,1.7L L4 Turbocharged,Brake & Wheel Hub,Hydraulic Hose,CENTRIC,15002001,N/A,Out of Stock
ALFA ROMEO,2018,4C,1.7L L4 Turbocharged,Brake & Wheel Hub,Master Cylinder,CENTRIC,13002100,N/A,Out of Stock
ALFA ROMEO,2018,4C,1.7L L4 Turbocharged,Brake & Wheel Hub,Rotor,POWER STOP,EBR1494EVC,Evolution Geomet® Coated Rotor,Out of Stock
ALFA ROMEO,2018,4C,1.7L L4 Turbocharged,Brake & Wheel Hub,Rotor,POWER STOP,EBR1495EVC,Evolution Geomet® Coated Rotor,Out of Stock
ALFA ROMEO,2018,4C,1.7L L4 Turbocharged,Cooling System,Water Pump,MOPAR,68259379AA,SPECIAL,$143.79
ALFA ROMEO,2018,4C,1.7L L4 Turbocharged,Electrical-Connector,Body Harness Connector,MOPAR,68317190AA,SPECIAL,Out of Stock
ALFA ROMEO,2018,4C,1.7L L4 Turbocharged,Electrical-Connector,Body Harness Connector,MOPAR,68329920AA,SPECIAL,Out of Stock
ALFA ROMEO,2018,4C,1.7L L4 Turbocharged,Electrical-Connector,Body Harness Connector,MOPAR,68317188AA,SPECIAL,Out of Stock
ALFA ROMEO,2018,4C,1.7L L4 Turbocharged,Electrical-Connector,Body Harness Connector,MOPAR,68317548AA,SPECIAL,Out of Stock
ALFA ROMEO,2018,4C,1.7L L4 Turbocharged,Electrical-Connector,Body Harness Connector,MOPAR,68317550AA,SPORT,Out of Stock
ALFA ROMEO,2018,4C,1.7L L4 Turbocharged,Electrical-Connector,Instrument Panel Harness / Connector,MOPAR,68251428AA,SPECIAL,Out of Stock
ALFA ROMEO,2018,4C,1.7L L4 Turbocharged,Electrical-Connector,Instrument Panel Harness / Connector,MOPAR,68326266AA,SPECIAL,Out of Stock
ALFA ROMEO,2018,4C,1.7L L4 Turbocharged,Electrical-Connector,Wiring Connector,MOPAR,68231532AA,HIGHLINE,$212.79
ALFA ROMEO,2018,4C,1.7L L4 Turbocharged,Electrical-Switch & Relay,Hazard Warning Switch,MOPAR,6LP72JXWAA,SPECIAL,$19.41
ALFA ROMEO,2018,4C,1.7L L4 Turbocharged,Electrical-Switch & Relay,Radiator Fan Relay,WVE/AIRTEX/WELLS,1R3593,N/A,$52.79
ALFA ROMEO,2018,4C,1.7L L4 Turbocharged,Exhaust & Emission,Oxygen (O2) Sensor,MOPAR,68159602AA,SPECIAL,Out of Stock
ALFA ROMEO,2018,4C,1.7L L4 Turbocharged,Exhaust & Emission,Oxygen (O2) Sensor,MOPAR,68239705AA,SPECIAL,Out of Stock
ALFA ROMEO,2018,4C,1.7L L4 Turbocharged,Exhaust & Emission,Pipe,MOPAR,68236491AA,SPECIAL,Out of Stock
ALFA ROMEO,2018,4C,1.7L L4 Turbocharged,Exhaust & Emission,Pipe,MOPAR,68236467AA,SPECIAL,Out of Stock
ALFA ROMEO,2018,4C,1.7L L4 Turbocharged,Fuel & Air,Throttle Body,MOPAR,68122835AA,SPECIAL,$677.99
ALFA ROMEO,2018,4C,1.7L L4 Turbocharged,Garage Equipment,Protective Gloves/Sleeve,MOPAR,68280524AA,SPECIAL,Out of Stock
ALFA ROMEO,2018,4C,1.7L L4 Turbocharged,Garage Equipment,Protective Gloves/Sleeve,MOPAR,68280572AA,SPECIAL,Out of Stock
ALFA ROMEO,2018,4C,1.7L L4 Turbocharged,Hardware,Machine Screw,MOPAR,6107094AA,M5x12; SPECIAL,$0.94
ALFA ROMEO,2018,4C,1.7L L4 Turbocharged,Hardware,Specialty Nut,MOPAR,68237450AA,M8x1.25; SPECIAL,$3.65
ALFA ROMEO,2018,4C,1.7L L4 Turbocharged,Hardware,Torx Screw,MOPAR,68201888AA,M8x1.25x23; HIGHLINE,$0.63
ALFA ROMEO,2018,GIULIA,2.0L L4 Turbocharged,Brake & Wheel Hub,Rotor,ACDELCO,18A82276,Professional,$73.79
ALFA ROMEO,2018,GIULIA,2.0L L4 Turbocharged,Brake & Wheel Hub,Rotor,CENTRIC,12002008,N/A,Out of Stock
ALFA ROMEO,2018,GIULIA,2.0L L4 Turbocharged,Brake & Wheel Hub,Rotor,CENTRIC,12002011,N/A,Out of Stock
ALFA ROMEO,2018,GIULIA,2.0L L4 Turbocharged,Brake & Wheel Hub,Rotor,WAGNER,BD180800E,Black E-Coat on Non-Braking Surface,$86.79
ALFA ROMEO,2018,GIULIA,2.0L L4 Turbocharged,Brake & Wheel Hub,Rotor,CENTRIC,12102008,C-TEK,Out of Stock
ALFA ROMEO,2018,GIULIA,2.0L L4 Turbocharged,Brake & Wheel Hub,Rotor,CENTRIC,12102011,C-TEK,Out of Stock
ALFA ROMEO,2018,GIULIA,2.0L L4 Turbocharged,Heat & Air Conditioning,A/C Refrigerant Oil,FOUR SEASONS,59234,PAG Oil,$10.83
ALFA ROMEO,2018,GIULIA,2.0L L4 Turbocharged,Transmission-Automatic,Extension Housing Seal,NATIONAL,710487,N/A,$9.19
ALFA ROMEO,2018,GIULIA,2.0L L4 Turbocharged,Transmission-Automatic,Fluid Pump Seal,NATIONAL,710939,N/A,$7.66
ALFA ROMEO,2018,GIULIA,2.0L L4 Turbocharged,Transmission-Automatic,Manual Shaft Seal,NATIONAL,710780,N/A,$2.84
ALFA ROMEO,2018,GIULIA,2.9L V6 Turbocharged,Brake & Wheel Hub,Rotor,WAGNER,BD180800E,Black E-Coat on Non-Braking Surface,$86.79
ALFA ROMEO,2018,GIULIA,2.9L V6 Turbocharged,Brake & Wheel Hub,Rotor,CENTRIC,12002008,N/A,Out of Stock
ALFA ROMEO,2018,GIULIA,2.9L V6 Turbocharged,Brake & Wheel Hub,Rotor,CENTRIC,12002011,N/A,Out of Stock
ALFA ROMEO,2018,GIULIA,2.9L V6 Turbocharged,Brake & Wheel Hub,Rotor,CENTRIC,12102008,C-TEK,Out of Stock
ALFA ROMEO,2018,GIULIA,2.9L V6 Turbocharged,Brake & Wheel Hub,Rotor,CENTRIC,12102011,C-TEK,Out of Stock
ALFA ROMEO,2018,GIULIA,2.9L V6 Turbocharged,Heat & Air Conditioning,A/C Refrigerant Oil,FOUR SEASONS,59234,PAG Oil,$10.83
ALFA ROMEO,2018,GIULIA,2.9L V6 Turbocharged,Transmission-Automatic,Extension Housing Seal,NATIONAL,710487,N/A,$9.19
ALFA ROMEO,2018,GIULIA,2.9L V6 Turbocharged,Transmission-Automatic,Fluid Pump Seal,NATIONAL,710939,N/A,$7.66
ALFA ROMEO,2018,GIULIA,2.9L V6 Turbocharged,Transmission-Automatic,Manual Shaft Seal,NATIONAL,710780,N/A,$2.84
